{
  "project_info": {
    "project_number": "119182639548",
    "firebase_url": "https://testfirebase-9ba12.firebaseio.com",
    "project_id": "testfirebase-9ba12",
    "storage_bucket": "testfirebase-9ba12.appspot.com"
  },
  "client": [
    {
      "client_info": {
        "mobilesdk_app_id": "1:119182639548:android:1b4183bbd4bf1251",
        "android_client_info": {
          "package_name": "com.example.lenovo.testfirebase"
        }
      },
      "oauth_client": [
        {
          "client_id": "119182639548-76qr1921pin4vk69117r0227r1icf7bn.apps.googleusercontent.com",
          "client_type": 1,
          "android_info": {
            "package_name": "com.example.lenovo.testfirebase",
            "certificate_hash": "948a664971768efe12e1ec21ab8bf2716fd349f6"
          }
        },
        {
          "client_id": "119182639548-1np4ioq0bl076ctk0g680s7vibbd3o94.apps.googleusercontent.com",
          "client_type": 3
        }
      ],
      "api_key": [
        {
          "current_key": "AIzaSyB01nlcBioNqgZS_tv03zTZIwJivV_fIio"
        }
      ],
      "services": {
        "analytics_service": {
          "status": 1
        },
        "appinvite_service": {
          "status": 2,
          "other_platform_oauth_client": [
            {
              "client_id": "119182639548-1np4ioq0bl076ctk0g680s7vibbd3o94.apps.googleusercontent.com",
              "client_type": 3
            }
          ]
        },
        "ads_service": {
          "status": 2
        }
      }
    }
  ],
  "configuration_version": "1"
}