{
  "project_info": {
    "project_number": "796196563907",
    "firebase_url": "https://fir-project-3d52f.firebaseio.com",
    "project_id": "fir-project-3d52f",
    "storage_bucket": "fir-project-3d52f.appspot.com"
  },
  "client": [
    {
      "client_info": {
        "mobilesdk_app_id": "1:796196563907:android:9b9b729593ec194a",
        "android_client_info": {
          "package_name": "com.example.lenovo.newproject"
        }
      },
      "oauth_client": [
        {
          "client_id": "796196563907-cj1uvl236le640u101k0lbvkfli2224g.apps.googleusercontent.com",
          "client_type": 1,
          "android_info": {
            "package_name": "com.example.lenovo.newproject",
            "certificate_hash": "948a664971768efe12e1ec21ab8bf2716fd349f6"
          }
        },
        {
          "client_id": "796196563907-i877cekkfcillur4fq61kt88hkj3s3uq.apps.googleusercontent.com",
          "client_type": 3
        }
      ],
      "api_key": [
        {
          "current_key": "AIzaSyAnkSQ2j9tEv9yOi4BuAoiPD1sB6gqkIho"
        }
      ],
      "services": {
        "analytics_service": {
          "status": 1
        },
        "appinvite_service": {
          "status": 2,
          "other_platform_oauth_client": [
            {
              "client_id": "796196563907-i877cekkfcillur4fq61kt88hkj3s3uq.apps.googleusercontent.com",
              "client_type": 3
            }
          ]
        },
        "ads_service": {
          "status": 2
        }
      }
    }
  ],
  "configuration_version": "1"
}