{
  "project_info": {
    "project_number": "1050608139343",
    "firebase_url": "https://fir-testproject-a94a7.firebaseio.com",
    "project_id": "fir-testproject-a94a7",
    "storage_bucket": "fir-testproject-a94a7.appspot.com"
  },
  "client": [
    {
      "client_info": {
        "mobilesdk_app_id": "1:1050608139343:android:de56a1f6a119266d",
        "android_client_info": {
          "package_name": "com.example.harikrishna.firebasetestproject"
        }
      },
      "oauth_client": [
        {
          "client_id": "1050608139343-tjueuspmp6oh1rr4quibo55qpruhnecc.apps.googleusercontent.com",
          "client_type": 1,
          "android_info": {
            "package_name": "com.example.harikrishna.firebasetestproject",
            "certificate_hash": "d64dee6090e0a005586a0a32fe04ee588b286c5d"
          }
        },
        {
          "client_id": "1050608139343-bc5488qjhvjgovi208ea4r547ord5qie.apps.googleusercontent.com",
          "client_type": 3
        }
      ],
      "api_key": [
        {
          "current_key": "AIzaSyCLT3KCb7s3LgZQSFBZ80lffksiNozLaY4"
        }
      ],
      "services": {
        "analytics_service": {
          "status": 1
        },
        "appinvite_service": {
          "status": 2,
          "other_platform_oauth_client": [
            {
              "client_id": "1050608139343-bc5488qjhvjgovi208ea4r547ord5qie.apps.googleusercontent.com",
              "client_type": 3
            }
          ]
        },
        "ads_service": {
          "status": 2
        }
      }
    }
  ],
  "configuration_version": "1"
}